"","year","depth","season","species"
"1",1996,600,"Spring","Deep-Water Catshark"
"2",1998,616,"Spring","Deep-Water Catshark"
"3",1998,630,"Fall","Deep-Water Catshark"
"4",2000,609,"Spring","Deep-Water Catshark"
"5",2000,400,"Fall","Deep-Water Catshark"
"6",2002,471,"Spring","Deep-Water Catshark"
"7",2004,636,"Spring","Deep-Water Catshark"
"8",2011,631,"Spring","Deep-Water Catshark"
"9",2012,204,"Spring","Deep-Water Catshark"
"10",2012,589,"Fall","Deep-Water Catshark"
"11",2012,611,"Fall","Deep-Water Catshark"
"12",2013,630,"Fall","Deep-Water Catshark"
"13",2013,594,"Fall","Deep-Water Catshark"
"14",1996,1335,"Fall","Deep-Water Catshark"
"15",1996,1153,"Fall","Deep-Water Catshark"
"16",1996,1385,"Fall","Deep-Water Catshark"
"17",1996,1073,"Fall","Deep-Water Catshark"
"18",1996,1079,"Fall","Deep-Water Catshark"
"19",1996,1122,"Fall","Deep-Water Catshark"
"20",1996,1355,"Fall","Deep-Water Catshark"
"21",1996,1178,"Fall","Deep-Water Catshark"
"22",1996,1223,"Fall","Deep-Water Catshark"
"23",1996,1374,"Fall","Deep-Water Catshark"
"24",1996,1400,"Fall","Deep-Water Catshark"
"25",1996,1177,"Fall","Deep-Water Catshark"
"26",1996,690,"Fall","Deep-Water Catshark"
"27",1997,1358,"Fall","Deep-Water Catshark"
"28",1997,1414,"Fall","Deep-Water Catshark"
"29",1997,365,"Fall","Deep-Water Catshark"
"30",1997,1377,"Fall","Deep-Water Catshark"
"31",1997,1358,"Fall","Deep-Water Catshark"
"32",1997,1362,"Fall","Deep-Water Catshark"
"33",1997,1330,"Fall","Deep-Water Catshark"
"34",1997,1203,"Fall","Deep-Water Catshark"
"35",1997,1379,"Fall","Deep-Water Catshark"
"36",1998,1473,"Fall","Deep-Water Catshark"
"37",1998,1367,"Fall","Deep-Water Catshark"
"38",1998,1303,"Fall","Deep-Water Catshark"
"39",1998,1394,"Fall","Deep-Water Catshark"
"40",1998,1345,"Fall","Deep-Water Catshark"
"41",1998,1332,"Fall","Deep-Water Catshark"
"42",1998,1279,"Fall","Deep-Water Catshark"
"43",1998,1415,"Fall","Deep-Water Catshark"
"44",1998,1172,"Fall","Deep-Water Catshark"
"45",1998,1122,"Fall","Deep-Water Catshark"
"46",1998,1144,"Fall","Deep-Water Catshark"
"47",1998,1317,"Fall","Deep-Water Catshark"
"48",1998,1173,"Fall","Deep-Water Catshark"
"49",1998,1334,"Fall","Deep-Water Catshark"
"50",1999,1303,"Fall","Deep-Water Catshark"
"51",1999,606,"Fall","Deep-Water Catshark"
"52",1999,1159,"Fall","Deep-Water Catshark"
"53",1999,1429,"Fall","Deep-Water Catshark"
"54",1999,1390,"Fall","Deep-Water Catshark"
"55",1999,1329,"Fall","Deep-Water Catshark"
"56",1999,1370,"Fall","Deep-Water Catshark"
"57",1999,1403,"Fall","Deep-Water Catshark"
"58",1999,1356,"Fall","Deep-Water Catshark"
"59",1999,1220,"Fall","Deep-Water Catshark"
"60",1999,1156,"Fall","Deep-Water Catshark"
"61",2011,1480,"Fall","Deep-Water Catshark"
"62",2011,1438,"Fall","Deep-Water Catshark"
"63",2011,1311,"Fall","Deep-Water Catshark"
"64",2011,1152,"Fall","Deep-Water Catshark"
"65",2011,1337,"Fall","Deep-Water Catshark"
"66",2011,1071,"Fall","Deep-Water Catshark"
"67",2011,1411,"Fall","Deep-Water Catshark"
"68",2011,1077,"Fall","Deep-Water Catshark"
"69",2011,1349,"Fall","Deep-Water Catshark"
"70",2011,1124,"Fall","Deep-Water Catshark"
"71",2011,1209,"Fall","Deep-Water Catshark"
"72",2011,1394,"Fall","Deep-Water Catshark"
"73",2011,1078,"Fall","Deep-Water Catshark"
"74",2011,1429,"Fall","Deep-Water Catshark"
"75",2011,1402,"Fall","Deep-Water Catshark"
"76",2012,1133,"Fall","Deep-Water Catshark"
"77",2012,1359,"Fall","Deep-Water Catshark"
"78",2012,1307,"Fall","Deep-Water Catshark"
"79",2012,1415,"Fall","Deep-Water Catshark"
"80",2012,1128,"Fall","Deep-Water Catshark"
"81",2012,1152,"Fall","Deep-Water Catshark"
"82",2012,1324,"Fall","Deep-Water Catshark"
"83",2012,1118,"Fall","Deep-Water Catshark"
"84",2012,1368,"Fall","Deep-Water Catshark"
"85",2012,573,"Fall","Deep-Water Catshark"
"86",2012,1425,"Fall","Deep-Water Catshark"
"87",2012,1230,"Fall","Deep-Water Catshark"
"88",2012,1339,"Fall","Deep-Water Catshark"
"89",2012,1432,"Fall","Deep-Water Catshark"
"90",2012,1435,"Fall","Deep-Water Catshark"
"91",2012,1275,"Fall","Deep-Water Catshark"
"92",2012,1155,"Fall","Deep-Water Catshark"
"93",2012,1224,"Fall","Deep-Water Catshark"
"94",2012,1435,"Fall","Deep-Water Catshark"
"95",2013,1135,"Fall","Deep-Water Catshark"
"96",2013,1339,"Fall","Deep-Water Catshark"
"97",2013,1257,"Fall","Deep-Water Catshark"
"98",2013,1034,"Fall","Deep-Water Catshark"
"99",2013,1445,"Fall","Deep-Water Catshark"
"100",2013,1407,"Fall","Deep-Water Catshark"
"101",2013,1093,"Fall","Deep-Water Catshark"
"102",2013,1391,"Fall","Deep-Water Catshark"
"103",2013,1404,"Fall","Deep-Water Catshark"
"104",2013,1322,"Fall","Deep-Water Catshark"
"105",2013,913,"Fall","Deep-Water Catshark"
"106",2013,1075,"Fall","Deep-Water Catshark"
"107",2013,1299,"Fall","Deep-Water Catshark"
"108",2013,1282,"Fall","Deep-Water Catshark"
"109",2013,1403,"Fall","Deep-Water Catshark"
"110",2013,1365,"Fall","Deep-Water Catshark"
"111",2013,1324,"Fall","Deep-Water Catshark"
"112",2013,1407,"Fall","Deep-Water Catshark"
"113",2014,1286,"Fall","Deep-Water Catshark"
"114",2014,1402,"Fall","Deep-Water Catshark"
"115",2014,1069,"Fall","Deep-Water Catshark"
"116",2014,1388,"Fall","Deep-Water Catshark"
"117",2014,1308,"Fall","Deep-Water Catshark"
"118",2014,1071,"Fall","Deep-Water Catshark"
"119",2014,1051,"Fall","Deep-Water Catshark"
"120",2014,1304,"Fall","Deep-Water Catshark"
"121",2014,1293,"Fall","Deep-Water Catshark"
"122",2014,1162,"Fall","Deep-Water Catshark"
"123",2014,1297,"Fall","Deep-Water Catshark"
"124",2014,1077,"Fall","Deep-Water Catshark"
"125",2014,1438,"Fall","Deep-Water Catshark"
"126",2014,1342,"Fall","Deep-Water Catshark"
"127",2014,1324,"Fall","Deep-Water Catshark"
"128",2000,1365,"Fall","Deep-Water Catshark"
"129",2000,1401,"Fall","Deep-Water Catshark"
"130",2000,1180,"Fall","Deep-Water Catshark"
"131",2000,1350,"Fall","Deep-Water Catshark"
"132",2000,1325,"Fall","Deep-Water Catshark"
"133",2000,1314,"Fall","Deep-Water Catshark"
"134",2000,1388,"Fall","Deep-Water Catshark"
"135",2000,1167,"Fall","Deep-Water Catshark"
"136",2000,1324,"Fall","Deep-Water Catshark"
"137",2000,1379,"Fall","Deep-Water Catshark"
"138",2000,1277,"Fall","Deep-Water Catshark"
"139",2001,1407,"Fall","Deep-Water Catshark"
"140",2001,1321,"Fall","Deep-Water Catshark"
"141",2001,1228,"Fall","Deep-Water Catshark"
"142",2001,1124,"Fall","Deep-Water Catshark"
"143",2001,1173,"Fall","Deep-Water Catshark"
"144",2001,1184,"Fall","Deep-Water Catshark"
"145",2001,1335,"Fall","Deep-Water Catshark"
"146",2001,1389,"Fall","Deep-Water Catshark"
"147",2001,1109,"Fall","Deep-Water Catshark"
"148",2001,1357,"Fall","Deep-Water Catshark"
"149",2001,1159,"Fall","Deep-Water Catshark"
"150",2001,1350,"Fall","Deep-Water Catshark"
"151",2001,1422,"Fall","Deep-Water Catshark"
"152",2001,476,"Fall","Deep-Water Catshark"
"153",2001,1306,"Fall","Deep-Water Catshark"
"154",2001,1479,"Fall","Deep-Water Catshark"
"155",2001,1201,"Fall","Deep-Water Catshark"
"156",2001,1427,"Fall","Deep-Water Catshark"
"157",2001,1365,"Fall","Deep-Water Catshark"
"158",2002,1358,"Fall","Deep-Water Catshark"
"159",2002,1208,"Fall","Deep-Water Catshark"
"160",2002,1403,"Fall","Deep-Water Catshark"
"161",2002,1159,"Fall","Deep-Water Catshark"
"162",2002,1285,"Fall","Deep-Water Catshark"
"163",2002,1164,"Fall","Deep-Water Catshark"
"164",2002,1344,"Fall","Deep-Water Catshark"
"165",2002,1162,"Fall","Deep-Water Catshark"
"166",2002,1142,"Fall","Deep-Water Catshark"
"167",2002,1312,"Fall","Deep-Water Catshark"
"168",2002,1325,"Fall","Deep-Water Catshark"
"169",2002,1311,"Fall","Deep-Water Catshark"
"170",2003,1404,"Fall","Deep-Water Catshark"
"171",2003,1332,"Fall","Deep-Water Catshark"
"172",2003,1398,"Fall","Deep-Water Catshark"
"173",2003,1444,"Fall","Deep-Water Catshark"
"174",2003,1474,"Fall","Deep-Water Catshark"
"175",2004,1177,"Fall","Deep-Water Catshark"
"176",2004,1331,"Fall","Deep-Water Catshark"
"177",2004,1146,"Fall","Deep-Water Catshark"
"178",2004,1173,"Fall","Deep-Water Catshark"
"179",2004,1401,"Fall","Deep-Water Catshark"
"180",2004,1375,"Fall","Deep-Water Catshark"
"181",2004,1014,"Fall","Deep-Water Catshark"
"182",2004,1168,"Fall","Deep-Water Catshark"
"183",2004,1176,"Fall","Deep-Water Catshark"
"184",2004,1177,"Fall","Deep-Water Catshark"
"185",2004,1280,"Fall","Deep-Water Catshark"
"186",2004,1353,"Fall","Deep-Water Catshark"
"187",2004,1455,"Fall","Deep-Water Catshark"
"188",2004,1415,"Fall","Deep-Water Catshark"
"189",2004,1389,"Fall","Deep-Water Catshark"
"190",2004,1211,"Fall","Deep-Water Catshark"
"191",2004,1325,"Fall","Deep-Water Catshark"
"192",2004,1308,"Fall","Deep-Water Catshark"
"193",2004,1316,"Fall","Deep-Water Catshark"
"194",2005,1203,"Fall","Deep-Water Catshark"
"195",2005,1120,"Fall","Deep-Water Catshark"
"196",2005,1408,"Fall","Deep-Water Catshark"
"197",2005,1408,"Fall","Deep-Water Catshark"
"198",2005,1404,"Fall","Deep-Water Catshark"
"199",2005,1126,"Fall","Deep-Water Catshark"
"200",2005,1311,"Fall","Deep-Water Catshark"
"201",2005,1134,"Fall","Deep-Water Catshark"
"202",2005,1175,"Fall","Deep-Water Catshark"
"203",2005,1328,"Fall","Deep-Water Catshark"
"204",2006,1299,"Fall","Deep-Water Catshark"
"205",2006,1331,"Fall","Deep-Water Catshark"
"206",2006,1226,"Fall","Deep-Water Catshark"
"207",2006,1437,"Fall","Deep-Water Catshark"
"208",2006,1358,"Fall","Deep-Water Catshark"
"209",2006,1086,"Fall","Deep-Water Catshark"
"210",2006,1095,"Fall","Deep-Water Catshark"
"211",2006,1443,"Fall","Deep-Water Catshark"
"212",2006,1081,"Fall","Deep-Water Catshark"
"213",2006,1102,"Fall","Deep-Water Catshark"
"214",2006,1226,"Fall","Deep-Water Catshark"
"215",2006,1220,"Fall","Deep-Water Catshark"
"216",2006,1284,"Fall","Deep-Water Catshark"
"217",2006,1340,"Fall","Deep-Water Catshark"
"218",2006,1303,"Fall","Deep-Water Catshark"
"219",2006,1384,"Fall","Deep-Water Catshark"
"220",2006,1155,"Fall","Deep-Water Catshark"
"221",2006,1164,"Fall","Deep-Water Catshark"
"222",2006,1152,"Fall","Deep-Water Catshark"
"223",2006,1161,"Fall","Deep-Water Catshark"
"224",2006,1332,"Fall","Deep-Water Catshark"
"225",2006,1162,"Fall","Deep-Water Catshark"
"226",2006,1166,"Fall","Deep-Water Catshark"
"227",2007,1370,"Fall","Deep-Water Catshark"
"228",2007,1369,"Fall","Deep-Water Catshark"
"229",2007,1217,"Fall","Deep-Water Catshark"
"230",2007,1178,"Fall","Deep-Water Catshark"
"231",2007,1165,"Fall","Deep-Water Catshark"
"232",2007,1193,"Fall","Deep-Water Catshark"
"233",2007,1404,"Fall","Deep-Water Catshark"
"234",2007,1359,"Fall","Deep-Water Catshark"
"235",2007,1108,"Fall","Deep-Water Catshark"
"236",2007,1371,"Fall","Deep-Water Catshark"
"237",2007,1321,"Fall","Deep-Water Catshark"
"238",2007,1327,"Fall","Deep-Water Catshark"
"239",2007,1252,"Fall","Deep-Water Catshark"
"240",2007,1494,"Fall","Deep-Water Catshark"
"241",2007,1043,"Fall","Deep-Water Catshark"
"242",2007,1150,"Fall","Deep-Water Catshark"
"243",2007,1309,"Fall","Deep-Water Catshark"
"244",2007,1358,"Fall","Deep-Water Catshark"
"245",2007,1101,"Fall","Deep-Water Catshark"
"246",2007,1295,"Fall","Deep-Water Catshark"
"247",2007,1291,"Fall","Deep-Water Catshark"
"248",2008,1327,"Fall","Deep-Water Catshark"
"249",2008,1307,"Fall","Deep-Water Catshark"
"250",2008,1422,"Fall","Deep-Water Catshark"
"251",2008,1376,"Fall","Deep-Water Catshark"
"252",2008,1165,"Fall","Deep-Water Catshark"
"253",2009,1313,"Fall","Deep-Water Catshark"
"254",2009,1090,"Fall","Deep-Water Catshark"
"255",2009,1320,"Fall","Deep-Water Catshark"
"256",2009,1192,"Fall","Deep-Water Catshark"
"257",2009,1311,"Fall","Deep-Water Catshark"
"258",2009,1030,"Fall","Deep-Water Catshark"
"259",2009,1277,"Fall","Deep-Water Catshark"
"260",2009,1303,"Fall","Deep-Water Catshark"
"261",2009,1182,"Fall","Deep-Water Catshark"
"262",2009,1238,"Fall","Deep-Water Catshark"
"263",2009,1412,"Fall","Deep-Water Catshark"
"264",2009,1334,"Fall","Deep-Water Catshark"
"265",2010,1344,"Fall","Deep-Water Catshark"
"266",2010,1312,"Fall","Deep-Water Catshark"
"267",2010,1389,"Fall","Deep-Water Catshark"
"268",2010,1302,"Fall","Deep-Water Catshark"
"269",2010,1361,"Fall","Deep-Water Catshark"
"270",2010,1121,"Fall","Deep-Water Catshark"
"271",2010,1130,"Fall","Deep-Water Catshark"
"272",2010,1307,"Fall","Deep-Water Catshark"
"273",2010,1442,"Fall","Deep-Water Catshark"
"274",2010,1279,"Fall","Deep-Water Catshark"
"275",2010,1396,"Fall","Deep-Water Catshark"
"276",2010,1318,"Fall","Deep-Water Catshark"
"277",1996,314,"Spring","Black Dogfish"
"278",1996,434,"Spring","Black Dogfish"
"279",1996,315,"Spring","Black Dogfish"
"280",1996,430,"Spring","Black Dogfish"
"281",1996,318,"Spring","Black Dogfish"
"282",1996,422,"Spring","Black Dogfish"
"283",1996,327,"Spring","Black Dogfish"
"284",1996,210,"Spring","Black Dogfish"
"285",1996,338,"Spring","Black Dogfish"
"286",1996,449,"Spring","Black Dogfish"
"287",1996,446,"Spring","Black Dogfish"
"288",1996,444,"Spring","Black Dogfish"
"289",1996,457,"Spring","Black Dogfish"
"290",1996,465,"Spring","Black Dogfish"
"291",1996,430,"Spring","Black Dogfish"
"292",1996,425,"Spring","Black Dogfish"
"293",1996,466,"Spring","Black Dogfish"
"294",1996,468,"Spring","Black Dogfish"
"295",1996,463,"Spring","Black Dogfish"
"296",1996,461,"Spring","Black Dogfish"
"297",1996,463,"Spring","Black Dogfish"
"298",1996,462,"Spring","Black Dogfish"
"299",1996,452,"Spring","Black Dogfish"
"300",1996,474,"Spring","Black Dogfish"
"301",1996,488,"Spring","Black Dogfish"
"302",1996,457,"Spring","Black Dogfish"
"303",1996,471,"Spring","Black Dogfish"
"304",1996,353,"Spring","Black Dogfish"
"305",1996,390,"Spring","Black Dogfish"
"306",1996,450,"Spring","Black Dogfish"
"307",1996,462,"Spring","Black Dogfish"
"308",1996,482,"Spring","Black Dogfish"
"309",1996,456,"Spring","Black Dogfish"
"310",1996,437,"Spring","Black Dogfish"
"311",1996,398,"Spring","Black Dogfish"
"312",1996,420,"Spring","Black Dogfish"
"313",1996,401,"Spring","Black Dogfish"
"314",1996,392,"Spring","Black Dogfish"
"316",1996,550,"Spring","Black Dogfish"
"317",1996,600,"Spring","Black Dogfish"
"318",1996,575,"Spring","Black Dogfish"
"319",1996,565,"Spring","Black Dogfish"
"320",1996,455,"Spring","Black Dogfish"
"323",1997,340,"Spring","Black Dogfish"
"324",1997,323,"Spring","Black Dogfish"
"325",1997,449,"Spring","Black Dogfish"
"326",1997,427,"Spring","Black Dogfish"
"327",1997,442,"Spring","Black Dogfish"
"328",1997,436,"Spring","Black Dogfish"
"329",1997,338,"Spring","Black Dogfish"
"330",1997,171,"Spring","Black Dogfish"
"331",1997,411,"Spring","Black Dogfish"
"332",1997,437,"Spring","Black Dogfish"
"333",1997,466,"Spring","Black Dogfish"
"334",1997,454,"Spring","Black Dogfish"
"335",1997,421,"Spring","Black Dogfish"
"336",1997,423,"Spring","Black Dogfish"
"337",1997,462,"Spring","Black Dogfish"
"338",1997,437,"Spring","Black Dogfish"
"339",1997,416,"Spring","Black Dogfish"
"340",1997,467,"Spring","Black Dogfish"
"341",1997,439,"Spring","Black Dogfish"
"342",1997,464,"Spring","Black Dogfish"
"343",1997,497,"Spring","Black Dogfish"
"344",1997,390,"Spring","Black Dogfish"
"345",1997,299,"Spring","Black Dogfish"
"346",1997,252,"Spring","Black Dogfish"
"347",1997,422,"Spring","Black Dogfish"
"348",1997,440,"Spring","Black Dogfish"
"349",1997,458,"Spring","Black Dogfish"
"350",1997,432,"Spring","Black Dogfish"
"351",1997,409,"Spring","Black Dogfish"
"352",1997,349,"Spring","Black Dogfish"
"353",1997,398,"Spring","Black Dogfish"
"354",1997,415,"Spring","Black Dogfish"
"355",1997,349,"Spring","Black Dogfish"
"356",1997,388,"Spring","Black Dogfish"
"358",1997,581,"Fall","Black Dogfish"
"360",1997,312,"Fall","Black Dogfish"
"361",1998,304,"Spring","Black Dogfish"
"362",1998,313,"Spring","Black Dogfish"
"363",1998,357,"Spring","Black Dogfish"
"364",1998,472,"Spring","Black Dogfish"
"365",1998,436,"Spring","Black Dogfish"
"366",1998,425,"Spring","Black Dogfish"
"367",1998,423,"Spring","Black Dogfish"
"368",1998,409,"Spring","Black Dogfish"
"369",1998,310,"Spring","Black Dogfish"
"370",1998,452,"Spring","Black Dogfish"
"371",1998,458,"Spring","Black Dogfish"
"372",1998,461,"Spring","Black Dogfish"
"373",1998,418,"Spring","Black Dogfish"
"374",1998,416,"Spring","Black Dogfish"
"375",1998,459,"Spring","Black Dogfish"
"376",1998,446,"Spring","Black Dogfish"
"377",1998,432,"Spring","Black Dogfish"
"378",1998,459,"Spring","Black Dogfish"
"379",1998,443,"Spring","Black Dogfish"
"380",1998,245,"Spring","Black Dogfish"
"381",1998,107,"Spring","Black Dogfish"
"382",1998,329,"Spring","Black Dogfish"
"383",1998,470,"Spring","Black Dogfish"
"384",1998,470,"Spring","Black Dogfish"
"385",1998,446,"Spring","Black Dogfish"
"386",1998,465,"Spring","Black Dogfish"
"387",1998,489,"Spring","Black Dogfish"
"388",1998,488,"Spring","Black Dogfish"
"389",1998,486,"Spring","Black Dogfish"
"390",1998,398,"Spring","Black Dogfish"
"391",1998,421,"Spring","Black Dogfish"
"392",1998,451,"Spring","Black Dogfish"
"393",1998,445,"Spring","Black Dogfish"
"394",1998,434,"Spring","Black Dogfish"
"395",1998,401,"Spring","Black Dogfish"
"396",1998,408,"Spring","Black Dogfish"
"397",1998,419,"Spring","Black Dogfish"
"398",1998,416,"Spring","Black Dogfish"
"399",1998,395,"Spring","Black Dogfish"
"402",1998,593,"Spring","Black Dogfish"
"406",1999,336,"Spring","Black Dogfish"
"407",1999,318,"Spring","Black Dogfish"
"408",1999,440,"Spring","Black Dogfish"
"409",1999,410,"Spring","Black Dogfish"
"410",1999,419,"Spring","Black Dogfish"
"411",1999,308,"Spring","Black Dogfish"
"412",1999,434,"Spring","Black Dogfish"
"413",1999,439,"Spring","Black Dogfish"
"414",1999,429,"Spring","Black Dogfish"
"415",1999,455,"Spring","Black Dogfish"
"416",1999,416,"Spring","Black Dogfish"
"417",1999,458,"Spring","Black Dogfish"
"418",1999,461,"Spring","Black Dogfish"
"419",1999,457,"Spring","Black Dogfish"
"420",1999,430,"Spring","Black Dogfish"
"421",1999,337,"Spring","Black Dogfish"
"422",1999,260,"Spring","Black Dogfish"
"423",1999,457,"Spring","Black Dogfish"
"424",1999,457,"Spring","Black Dogfish"
"425",1999,453,"Spring","Black Dogfish"
"426",1999,448,"Spring","Black Dogfish"
"427",1999,472,"Spring","Black Dogfish"
"428",1999,455,"Spring","Black Dogfish"
"429",1999,457,"Spring","Black Dogfish"
"430",1999,397,"Spring","Black Dogfish"
"431",1999,480,"Spring","Black Dogfish"
"432",1999,434,"Spring","Black Dogfish"
"433",1999,454,"Spring","Black Dogfish"
"434",1999,484,"Spring","Black Dogfish"
"435",1999,471,"Spring","Black Dogfish"
"436",1999,449,"Spring","Black Dogfish"
"437",1999,432,"Spring","Black Dogfish"
"438",1999,431,"Spring","Black Dogfish"
"439",1999,415,"Spring","Black Dogfish"
"440",1999,416,"Spring","Black Dogfish"
"441",1999,348,"Spring","Black Dogfish"
"442",1999,352,"Spring","Black Dogfish"
"443",1999,402,"Spring","Black Dogfish"
"444",1999,395,"Spring","Black Dogfish"
"446",1999,477,"Spring","Black Dogfish"
"451",1999,600,"Spring","Black Dogfish"
"454",1999,579,"Fall","Black Dogfish"
"455",1999,585,"Fall","Black Dogfish"
"456",1999,587,"Fall","Black Dogfish"
"457",1999,316,"Fall","Black Dogfish"
"459",1999,337,"Fall","Black Dogfish"
"461",2000,329,"Spring","Black Dogfish"
"462",2000,348,"Spring","Black Dogfish"
"463",2000,323,"Spring","Black Dogfish"
"464",2000,319,"Spring","Black Dogfish"
"465",2000,466,"Spring","Black Dogfish"
"466",2000,447,"Spring","Black Dogfish"
"467",2000,437,"Spring","Black Dogfish"
"468",2000,423,"Spring","Black Dogfish"
"469",2000,354,"Spring","Black Dogfish"
"470",2000,433,"Spring","Black Dogfish"
"471",2000,449,"Spring","Black Dogfish"
"472",2000,256,"Spring","Black Dogfish"
"473",2000,461,"Spring","Black Dogfish"
"474",2000,413,"Spring","Black Dogfish"
"475",2000,447,"Spring","Black Dogfish"
"476",2000,456,"Spring","Black Dogfish"
"477",2000,455,"Spring","Black Dogfish"
"478",2000,446,"Spring","Black Dogfish"
"479",2000,455,"Spring","Black Dogfish"
"480",2000,440,"Spring","Black Dogfish"
"481",2000,410,"Spring","Black Dogfish"
"482",2000,359,"Spring","Black Dogfish"
"483",2000,305,"Spring","Black Dogfish"
"484",2000,324,"Spring","Black Dogfish"
"485",2000,445,"Spring","Black Dogfish"
"486",2000,457,"Spring","Black Dogfish"
"487",2000,467,"Spring","Black Dogfish"
"488",2000,485,"Spring","Black Dogfish"
"489",2000,462,"Spring","Black Dogfish"
"490",2000,414,"Spring","Black Dogfish"
"491",2000,427,"Spring","Black Dogfish"
"492",2000,415,"Spring","Black Dogfish"
"493",2000,437,"Spring","Black Dogfish"
"494",2000,413,"Spring","Black Dogfish"
"495",2000,438,"Spring","Black Dogfish"
"496",2000,429,"Spring","Black Dogfish"
"497",2000,459,"Spring","Black Dogfish"
"498",2000,463,"Spring","Black Dogfish"
"500",2000,495,"Spring","Black Dogfish"
"501",2000,594,"Spring","Black Dogfish"
"502",2000,563,"Spring","Black Dogfish"
"506",2001,400,"Spring","Black Dogfish"
"507",2001,323,"Spring","Black Dogfish"
"508",2001,468,"Spring","Black Dogfish"
"509",2001,425,"Spring","Black Dogfish"
"510",2001,442,"Spring","Black Dogfish"
"511",2001,425,"Spring","Black Dogfish"
"512",2001,442,"Spring","Black Dogfish"
"513",2001,444,"Spring","Black Dogfish"
"514",2001,421,"Spring","Black Dogfish"
"515",2001,416,"Spring","Black Dogfish"
"516",2001,449,"Spring","Black Dogfish"
"517",2001,455,"Spring","Black Dogfish"
"518",2001,457,"Spring","Black Dogfish"
"519",2001,455,"Spring","Black Dogfish"
"520",2001,456,"Spring","Black Dogfish"
"521",2001,417,"Spring","Black Dogfish"
"522",2001,341,"Spring","Black Dogfish"
"523",2001,429,"Spring","Black Dogfish"
"524",2001,467,"Spring","Black Dogfish"
"525",2001,463,"Spring","Black Dogfish"
"526",2001,478,"Spring","Black Dogfish"
"527",2001,359,"Spring","Black Dogfish"
"528",2001,341,"Spring","Black Dogfish"
"529",2001,341,"Spring","Black Dogfish"
"530",2001,349,"Spring","Black Dogfish"
"531",2001,440,"Spring","Black Dogfish"
"532",2001,438,"Spring","Black Dogfish"
"533",2001,410,"Spring","Black Dogfish"
"534",2001,432,"Spring","Black Dogfish"
"535",2001,432,"Spring","Black Dogfish"
"536",2001,488,"Spring","Black Dogfish"
"537",2001,488,"Spring","Black Dogfish"
"540",2001,470,"Spring","Black Dogfish"
"541",2002,434,"Spring","Black Dogfish"
"542",2002,406,"Spring","Black Dogfish"
"543",2002,376,"Spring","Black Dogfish"
"544",2002,386,"Spring","Black Dogfish"
"545",2002,215,"Spring","Black Dogfish"
"546",2002,342,"Spring","Black Dogfish"
"547",2002,422,"Spring","Black Dogfish"
"548",2002,445,"Spring","Black Dogfish"
"549",2002,437,"Spring","Black Dogfish"
"550",2002,417,"Spring","Black Dogfish"
"551",2002,461,"Spring","Black Dogfish"
"552",2002,457,"Spring","Black Dogfish"
"553",2002,426,"Spring","Black Dogfish"
"554",2002,447,"Spring","Black Dogfish"
"555",2002,464,"Spring","Black Dogfish"
"556",2002,468,"Spring","Black Dogfish"
"557",2002,482,"Spring","Black Dogfish"
"558",2002,503,"Spring","Black Dogfish"
"559",2002,468,"Spring","Black Dogfish"
"560",2002,459,"Spring","Black Dogfish"
"561",2002,460,"Spring","Black Dogfish"
"562",2002,442,"Spring","Black Dogfish"
"563",2002,427,"Spring","Black Dogfish"
"564",2002,410,"Spring","Black Dogfish"
"565",2002,429,"Spring","Black Dogfish"
"566",2002,460,"Spring","Black Dogfish"
"567",2002,434,"Spring","Black Dogfish"
"568",2002,349,"Spring","Black Dogfish"
"569",2002,444,"Spring","Black Dogfish"
"570",2002,131,"Spring","Black Dogfish"
"571",2002,570,"Spring","Black Dogfish"
"572",2002,593,"Spring","Black Dogfish"
"575",2002,586,"Fall","Black Dogfish"
"576",2003,419,"Spring","Black Dogfish"
"577",2003,432,"Spring","Black Dogfish"
"578",2003,412,"Spring","Black Dogfish"
"579",2003,430,"Spring","Black Dogfish"
"580",2003,430,"Spring","Black Dogfish"
"581",2003,422,"Spring","Black Dogfish"
"582",2003,460,"Spring","Black Dogfish"
"583",2003,452,"Spring","Black Dogfish"
"584",2003,436,"Spring","Black Dogfish"
"585",2003,458,"Spring","Black Dogfish"
"586",2003,457,"Spring","Black Dogfish"
"587",2003,424,"Spring","Black Dogfish"
"588",2003,454,"Spring","Black Dogfish"
"589",2003,458,"Spring","Black Dogfish"
"590",2003,458,"Spring","Black Dogfish"
"591",2003,412,"Spring","Black Dogfish"
"592",2003,469,"Spring","Black Dogfish"
"593",2003,458,"Spring","Black Dogfish"
"594",2003,460,"Spring","Black Dogfish"
"595",2003,475,"Spring","Black Dogfish"
"596",2003,466,"Spring","Black Dogfish"
"597",2003,459,"Spring","Black Dogfish"
"598",2003,243,"Spring","Black Dogfish"
"599",2003,348,"Spring","Black Dogfish"
"600",2003,427,"Spring","Black Dogfish"
"601",2003,442,"Spring","Black Dogfish"
"602",2003,461,"Spring","Black Dogfish"
"603",2003,452,"Spring","Black Dogfish"
"604",2003,452,"Spring","Black Dogfish"
"605",2003,416,"Spring","Black Dogfish"
"606",2003,561,"Spring","Black Dogfish"
"608",2003,442,"Fall","Black Dogfish"
"609",2004,95,"Spring","Black Dogfish"
"610",2004,392,"Spring","Black Dogfish"
"611",2004,296,"Spring","Black Dogfish"
"612",2004,428,"Spring","Black Dogfish"
"613",2004,435,"Spring","Black Dogfish"
"614",2004,471,"Spring","Black Dogfish"
"615",2004,439,"Spring","Black Dogfish"
"616",2004,317,"Spring","Black Dogfish"
"617",2004,471,"Spring","Black Dogfish"
"618",2004,464,"Spring","Black Dogfish"
"619",2004,451,"Spring","Black Dogfish"
"620",2004,464,"Spring","Black Dogfish"
"621",2004,465,"Spring","Black Dogfish"
"622",2004,461,"Spring","Black Dogfish"
"623",2004,451,"Spring","Black Dogfish"
"624",2004,455,"Spring","Black Dogfish"
"625",2004,456,"Spring","Black Dogfish"
"626",2004,456,"Spring","Black Dogfish"
"627",2004,456,"Spring","Black Dogfish"
"628",2004,420,"Spring","Black Dogfish"
"629",2004,433,"Spring","Black Dogfish"
"630",2004,437,"Spring","Black Dogfish"
"631",2004,446,"Spring","Black Dogfish"
"632",2004,422,"Spring","Black Dogfish"
"633",2004,422,"Spring","Black Dogfish"
"634",2004,252,"Spring","Black Dogfish"
"635",2004,395,"Spring","Black Dogfish"
"636",2004,453,"Spring","Black Dogfish"
"639",2004,595,"Fall","Black Dogfish"
"640",2004,586,"Fall","Black Dogfish"
"642",2005,389,"Spring","Black Dogfish"
"643",2005,582,"Spring","Black Dogfish"
"644",2005,438,"Spring","Black Dogfish"
"645",2005,453,"Spring","Black Dogfish"
"646",2005,435,"Spring","Black Dogfish"
"647",2005,464,"Spring","Black Dogfish"
"648",2005,490,"Spring","Black Dogfish"
"649",2005,470,"Spring","Black Dogfish"
"650",2005,463,"Spring","Black Dogfish"
"651",2005,465,"Spring","Black Dogfish"
"652",2005,463,"Spring","Black Dogfish"
"653",2005,453,"Spring","Black Dogfish"
"654",2005,346,"Spring","Black Dogfish"
"655",2005,332,"Spring","Black Dogfish"
"656",2005,327,"Spring","Black Dogfish"
"657",2005,312,"Spring","Black Dogfish"
"658",2005,451,"Spring","Black Dogfish"
"659",2005,458,"Spring","Black Dogfish"
"660",2005,461,"Spring","Black Dogfish"
"661",2005,466,"Spring","Black Dogfish"
"662",2005,249,"Spring","Black Dogfish"
"663",2005,293,"Spring","Black Dogfish"
"664",2005,441,"Spring","Black Dogfish"
"665",2005,443,"Spring","Black Dogfish"
"666",2005,440,"Spring","Black Dogfish"
"667",2005,438,"Spring","Black Dogfish"
"668",2005,435,"Spring","Black Dogfish"
"669",2005,418,"Spring","Black Dogfish"
"670",2005,418,"Spring","Black Dogfish"
"671",2005,457,"Spring","Black Dogfish"
"672",2005,444,"Spring","Black Dogfish"
"673",2005,250,"Spring","Black Dogfish"
"678",2005,503,"Fall","Black Dogfish"
"679",2005,570,"Fall","Black Dogfish"
"680",2006,424,"Spring","Black Dogfish"
"681",2006,446,"Spring","Black Dogfish"
"682",2006,399,"Spring","Black Dogfish"
"683",2006,212,"Spring","Black Dogfish"
"686",2006,579,"Fall","Black Dogfish"
"688",2007,341,"Spring","Black Dogfish"
"689",2007,339,"Spring","Black Dogfish"
"690",2007,438,"Spring","Black Dogfish"
"691",2007,453,"Spring","Black Dogfish"
"692",2007,435,"Spring","Black Dogfish"
"693",2007,436,"Spring","Black Dogfish"
"694",2007,435,"Spring","Black Dogfish"
"695",2007,428,"Spring","Black Dogfish"
"696",2007,420,"Spring","Black Dogfish"
"697",2007,420,"Spring","Black Dogfish"
"698",2007,417,"Spring","Black Dogfish"
"699",2007,463,"Spring","Black Dogfish"
"700",2007,457,"Spring","Black Dogfish"
"701",2007,457,"Spring","Black Dogfish"
"702",2007,457,"Spring","Black Dogfish"
"703",2007,456,"Spring","Black Dogfish"
"704",2007,448,"Spring","Black Dogfish"
"705",2007,461,"Spring","Black Dogfish"
"706",2007,457,"Spring","Black Dogfish"
"707",2007,463,"Spring","Black Dogfish"
"708",2007,349,"Spring","Black Dogfish"
"709",2007,430,"Spring","Black Dogfish"
"710",2007,462,"Spring","Black Dogfish"
"711",2007,485,"Spring","Black Dogfish"
"712",2007,461,"Spring","Black Dogfish"
"713",2007,442,"Spring","Black Dogfish"
"714",2007,414,"Spring","Black Dogfish"
"715",2007,448,"Spring","Black Dogfish"
"716",2007,349,"Spring","Black Dogfish"
"718",2007,583,"Spring","Black Dogfish"
"719",2007,408,"Spring","Black Dogfish"
"720",2007,382,"Spring","Black Dogfish"
"721",2007,575,"Spring","Black Dogfish"
"722",2007,597,"Spring","Black Dogfish"
"728",2007,401,"Fall","Black Dogfish"
"729",2007,599,"Fall","Black Dogfish"
"730",2007,579,"Fall","Black Dogfish"
"732",2008,338,"Spring","Black Dogfish"
"733",2008,328,"Spring","Black Dogfish"
"734",2008,296,"Spring","Black Dogfish"
"735",2008,426,"Spring","Black Dogfish"
"736",2008,454,"Spring","Black Dogfish"
"737",2008,450,"Spring","Black Dogfish"
"738",2008,419,"Spring","Black Dogfish"
"739",2008,422,"Spring","Black Dogfish"
"740",2008,454,"Spring","Black Dogfish"
"741",2008,454,"Spring","Black Dogfish"
"742",2008,457,"Spring","Black Dogfish"
"743",2008,462,"Spring","Black Dogfish"
"744",2008,454,"Spring","Black Dogfish"
"745",2008,463,"Spring","Black Dogfish"
"746",2008,465,"Spring","Black Dogfish"
"747",2008,460,"Spring","Black Dogfish"
"748",2008,460,"Spring","Black Dogfish"
"749",2008,456,"Spring","Black Dogfish"
"750",2008,311,"Spring","Black Dogfish"
"751",2008,398,"Spring","Black Dogfish"
"752",2008,406,"Spring","Black Dogfish"
"753",2008,412,"Spring","Black Dogfish"
"754",2008,391,"Spring","Black Dogfish"
"755",2008,374,"Spring","Black Dogfish"
"756",2008,456,"Spring","Black Dogfish"
"757",2008,449,"Spring","Black Dogfish"
"762",2008,585,"Fall","Black Dogfish"
"764",2011,301,"Spring","Black Dogfish"
"765",2011,418,"Spring","Black Dogfish"
"766",2011,349,"Spring","Black Dogfish"
"767",2011,323,"Spring","Black Dogfish"
"768",2011,454,"Spring","Black Dogfish"
"769",2011,389,"Spring","Black Dogfish"
"770",2011,440,"Spring","Black Dogfish"
"771",2011,429,"Spring","Black Dogfish"
"772",2011,421,"Spring","Black Dogfish"
"773",2011,452,"Spring","Black Dogfish"
"774",2011,455,"Spring","Black Dogfish"
"775",2011,306,"Spring","Black Dogfish"
"776",2011,335,"Spring","Black Dogfish"
"777",2011,315,"Spring","Black Dogfish"
"778",2011,412,"Spring","Black Dogfish"
"779",2011,453,"Spring","Black Dogfish"
"780",2011,455,"Spring","Black Dogfish"
"781",2011,453,"Spring","Black Dogfish"
"782",2011,414,"Spring","Black Dogfish"
"783",2011,449,"Spring","Black Dogfish"
"784",2011,457,"Spring","Black Dogfish"
"785",2011,461,"Spring","Black Dogfish"
"786",2011,459,"Spring","Black Dogfish"
"787",2011,456,"Spring","Black Dogfish"
"788",2011,440,"Spring","Black Dogfish"
"789",2011,425,"Spring","Black Dogfish"
"791",2011,438,"Spring","Black Dogfish"
"794",2011,571,"Fall","Black Dogfish"
"796",2012,328,"Spring","Black Dogfish"
"797",2012,296,"Spring","Black Dogfish"
"798",2012,421,"Spring","Black Dogfish"
"799",2012,448,"Spring","Black Dogfish"
"800",2012,438,"Spring","Black Dogfish"
"801",2012,429,"Spring","Black Dogfish"
"802",2012,444,"Spring","Black Dogfish"
"803",2012,330,"Spring","Black Dogfish"
"804",2012,258,"Spring","Black Dogfish"
"805",2012,402,"Spring","Black Dogfish"
"806",2012,457,"Spring","Black Dogfish"
"807",2012,343,"Spring","Black Dogfish"
"808",2012,465,"Spring","Black Dogfish"
"809",2012,454,"Spring","Black Dogfish"
"810",2012,416,"Spring","Black Dogfish"
"811",2012,413,"Spring","Black Dogfish"
"812",2012,455,"Spring","Black Dogfish"
"813",2012,448,"Spring","Black Dogfish"
"814",2012,449,"Spring","Black Dogfish"
"815",2012,458,"Spring","Black Dogfish"
"816",2012,441,"Spring","Black Dogfish"
"817",2012,476,"Spring","Black Dogfish"
"818",2012,484,"Spring","Black Dogfish"
"819",2012,476,"Spring","Black Dogfish"
"820",2012,465,"Spring","Black Dogfish"
"821",2012,467,"Spring","Black Dogfish"
"822",2012,466,"Spring","Black Dogfish"
"823",2012,349,"Spring","Black Dogfish"
"824",2012,405,"Spring","Black Dogfish"
"825",2012,438,"Spring","Black Dogfish"
"826",2012,312,"Spring","Black Dogfish"
"827",2012,449,"Spring","Black Dogfish"
"831",2012,405,"Spring","Black Dogfish"
"834",2012,350,"Fall","Black Dogfish"
"835",2012,589,"Fall","Black Dogfish"
"836",2012,440,"Fall","Black Dogfish"
"837",2012,589,"Fall","Black Dogfish"
"838",2013,327,"Spring","Black Dogfish"
"839",2013,332,"Spring","Black Dogfish"
"840",2013,405,"Spring","Black Dogfish"
"841",2013,436,"Spring","Black Dogfish"
"842",2013,447,"Spring","Black Dogfish"
"843",2013,448,"Spring","Black Dogfish"
"844",2013,404,"Spring","Black Dogfish"
"845",2013,416,"Spring","Black Dogfish"
"846",2013,419,"Spring","Black Dogfish"
"847",2013,459,"Spring","Black Dogfish"
"848",2013,462,"Spring","Black Dogfish"
"849",2013,416,"Spring","Black Dogfish"
"850",2013,411,"Spring","Black Dogfish"
"851",2013,450,"Spring","Black Dogfish"
"852",2013,451,"Spring","Black Dogfish"
"853",2013,455,"Spring","Black Dogfish"
"854",2013,450,"Spring","Black Dogfish"
"855",2013,348,"Spring","Black Dogfish"
"856",2013,438,"Spring","Black Dogfish"
"857",2013,473,"Spring","Black Dogfish"
"858",2013,481,"Spring","Black Dogfish"
"859",2013,479,"Spring","Black Dogfish"
"860",2013,459,"Spring","Black Dogfish"
"861",2013,467,"Spring","Black Dogfish"
"862",2013,475,"Spring","Black Dogfish"
"863",2013,446,"Spring","Black Dogfish"
"864",2013,439,"Spring","Black Dogfish"
"865",2013,573,"Spring","Black Dogfish"
"866",2013,586,"Spring","Black Dogfish"
"868",2013,416,"Spring","Black Dogfish"
"870",2013,443,"Spring","Black Dogfish"
"871",2013,289,"Spring","Black Dogfish"
"872",2013,596,"Fall","Black Dogfish"
"873",2013,380,"Fall","Black Dogfish"
"874",2013,575,"Fall","Black Dogfish"
"877",2015,325,"Spring","Black Dogfish"
"878",2015,442,"Spring","Black Dogfish"
"879",2015,453,"Spring","Black Dogfish"
"880",2015,317,"Spring","Black Dogfish"
"881",2015,451,"Spring","Black Dogfish"
"882",2015,445,"Spring","Black Dogfish"
"883",2015,448,"Spring","Black Dogfish"
"884",2015,449,"Spring","Black Dogfish"
"885",2015,451,"Spring","Black Dogfish"
"886",2015,454,"Spring","Black Dogfish"
"887",2015,462,"Spring","Black Dogfish"
"888",2015,464,"Spring","Black Dogfish"
"889",2015,355,"Spring","Black Dogfish"
"890",2015,397,"Spring","Black Dogfish"
"893",2015,577,"Spring","Black Dogfish"
"894",2015,584,"Spring","Black Dogfish"
"896",2015,428,"Spring","Black Dogfish"
"897",2015,414,"Spring","Black Dogfish"
"898",2005,569,"Spring","Black Dogfish"
"899",2005,463,"Spring","Black Dogfish"
"900",2005,488,"Spring","Black Dogfish"
"901",2005,470,"Spring","Black Dogfish"
"902",2005,447,"Spring","Black Dogfish"
"903",2005,461,"Spring","Black Dogfish"
"904",2005,464,"Spring","Black Dogfish"
"905",2005,462,"Spring","Black Dogfish"
"906",2005,453,"Spring","Black Dogfish"
"907",2005,315,"Spring","Black Dogfish"
"908",2005,304,"Spring","Black Dogfish"
"909",2005,454,"Spring","Black Dogfish"
"910",2005,449,"Spring","Black Dogfish"
"911",2005,456,"Spring","Black Dogfish"
"912",2009,398,"Spring","Black Dogfish"
"913",2009,220,"Spring","Black Dogfish"
"914",2009,225,"Spring","Black Dogfish"
"915",2009,327,"Spring","Black Dogfish"
"916",2009,427,"Spring","Black Dogfish"
"917",2009,443,"Spring","Black Dogfish"
"918",2009,391,"Spring","Black Dogfish"
"919",2009,318,"Spring","Black Dogfish"
"920",2009,431,"Spring","Black Dogfish"
"921",2009,425,"Spring","Black Dogfish"
"922",2009,437,"Spring","Black Dogfish"
"923",2009,428,"Spring","Black Dogfish"
"924",2009,458,"Spring","Black Dogfish"
"925",2009,465,"Spring","Black Dogfish"
"926",2009,459,"Spring","Black Dogfish"
"927",2009,453,"Spring","Black Dogfish"
"928",2009,457,"Spring","Black Dogfish"
"929",2009,445,"Spring","Black Dogfish"
"930",2009,451,"Spring","Black Dogfish"
"931",2009,348,"Spring","Black Dogfish"
"932",2009,216,"Spring","Black Dogfish"
"933",2009,467,"Spring","Black Dogfish"
"934",2009,465,"Spring","Black Dogfish"
"935",2009,466,"Spring","Black Dogfish"
"936",2009,488,"Spring","Black Dogfish"
"937",2009,493,"Spring","Black Dogfish"
"938",2009,448,"Spring","Black Dogfish"
"939",2009,447,"Spring","Black Dogfish"
"940",2009,430,"Spring","Black Dogfish"
"941",2009,429,"Spring","Black Dogfish"
"942",2009,417,"Spring","Black Dogfish"
"943",2009,404,"Spring","Black Dogfish"
"944",2009,422,"Spring","Black Dogfish"
"946",2009,584,"Spring","Black Dogfish"
"948",2009,596,"Spring","Black Dogfish"
"950",2009,587,"Fall","Black Dogfish"
"954",2010,315,"Spring","Black Dogfish"
"955",2010,326,"Spring","Black Dogfish"
"956",2010,332,"Spring","Black Dogfish"
"957",2010,406,"Spring","Black Dogfish"
"958",2010,456,"Spring","Black Dogfish"
"959",2010,465,"Spring","Black Dogfish"
"960",2010,433,"Spring","Black Dogfish"
"961",2010,323,"Spring","Black Dogfish"
"962",2010,449,"Spring","Black Dogfish"
"963",2010,453,"Spring","Black Dogfish"
"964",2010,395,"Spring","Black Dogfish"
"965",2010,407,"Spring","Black Dogfish"
"966",2010,442,"Spring","Black Dogfish"
"967",2010,435,"Spring","Black Dogfish"
"968",2010,456,"Spring","Black Dogfish"
"969",2010,433,"Spring","Black Dogfish"
"970",2010,453,"Spring","Black Dogfish"
"971",2010,455,"Spring","Black Dogfish"
"972",2010,453,"Spring","Black Dogfish"
"973",2010,468,"Spring","Black Dogfish"
"974",2010,460,"Spring","Black Dogfish"
"975",2010,448,"Spring","Black Dogfish"
"976",2010,416,"Spring","Black Dogfish"
"977",2010,429,"Spring","Black Dogfish"
"978",2010,447,"Spring","Black Dogfish"
"979",2010,447,"Spring","Black Dogfish"
"980",2010,459,"Spring","Black Dogfish"
"981",2010,448,"Spring","Black Dogfish"
"982",2010,433,"Spring","Black Dogfish"
"983",2010,568,"Spring","Black Dogfish"
"984",2010,558,"Spring","Black Dogfish"
"985",2010,157,"Spring","Black Dogfish"
"986",2010,445,"Spring","Black Dogfish"
"987",2010,582,"Spring","Black Dogfish"
"988",2010,582,"Spring","Black Dogfish"
"990",2010,600,"Spring","Black Dogfish"
"991",2010,398,"Spring","Black Dogfish"
"992",2010,580,"Fall","Black Dogfish"
"994",2010,144,"Fall","Black Dogfish"
"1129",2012,533,"Fall","Black Dogfish"
"1138",2012,579,"Fall","Black Dogfish"
"1146",2013,338,"Fall","Black Dogfish"
"1154",2013,595,"Fall","Black Dogfish"
"1155",2014,456,"Spring","Black Dogfish"
"1156",2014,411,"Spring","Black Dogfish"
"1157",2014,412,"Spring","Black Dogfish"
"1158",2014,438,"Spring","Black Dogfish"
"1159",2014,435,"Spring","Black Dogfish"
"1160",2014,436,"Spring","Black Dogfish"
"1161",2014,398,"Spring","Black Dogfish"
"1162",2014,459,"Spring","Black Dogfish"
"1163",2014,451,"Spring","Black Dogfish"
"1164",2014,462,"Spring","Black Dogfish"
"1165",2014,434,"Spring","Black Dogfish"
"1168",2014,583,"Fall","Black Dogfish"
"1169",2014,574,"Fall","Black Dogfish"
"1184",2014,444,"Spring","Black Dogfish"
"1187",2014,474,"Fall","Black Dogfish"
"1274",2004,230,"Spring","Black Dogfish"
"1378",2010,555,"Fall","Black Dogfish"
"1388",1996,446,"Spring","Spinytail Skate"
"1389",1996,388,"Spring","Spinytail Skate"
"1390",1996,618,"Spring","Spinytail Skate"
"1391",1996,579,"Spring","Spinytail Skate"
"1392",1996,637,"Spring","Spinytail Skate"
"1393",1996,329,"Spring","Spinytail Skate"
"1394",1996,604,"Fall","Spinytail Skate"
"1396",1996,610,"Fall","Spinytail Skate"
"1404",1996,597,"Fall","Spinytail Skate"
"1405",1996,654,"Fall","Spinytail Skate"
"1406",1996,671,"Fall","Spinytail Skate"
"1407",1997,442,"Spring","Spinytail Skate"
"1408",1997,411,"Spring","Spinytail Skate"
"1409",1997,91,"Spring","Spinytail Skate"
"1410",1997,669,"Spring","Spinytail Skate"
"1411",1997,683,"Spring","Spinytail Skate"
"1412",1997,470,"Spring","Spinytail Skate"
"1414",1997,591,"Fall","Spinytail Skate"
"1416",1997,714,"Fall","Spinytail Skate"
"1417",1998,357,"Spring","Spinytail Skate"
"1418",1998,472,"Spring","Spinytail Skate"
"1419",1998,418,"Spring","Spinytail Skate"
"1420",1998,310,"Spring","Spinytail Skate"
"1421",1998,502,"Spring","Spinytail Skate"
"1422",1998,646,"Spring","Spinytail Skate"
"1423",1998,691,"Fall","Spinytail Skate"
"1424",1998,506,"Fall","Spinytail Skate"
"1425",1998,600,"Fall","Spinytail Skate"
"1429",1998,634,"Fall","Spinytail Skate"
"1430",1999,439,"Spring","Spinytail Skate"
"1431",1999,870,"Spring","Spinytail Skate"
"1432",1999,674,"Spring","Spinytail Skate"
"1433",1999,660,"Spring","Spinytail Skate"
"1434",1999,503,"Spring","Spinytail Skate"
"1435",1999,627,"Spring","Spinytail Skate"
"1436",1999,647,"Spring","Spinytail Skate"
"1437",1999,214,"Spring","Spinytail Skate"
"1438",1999,579,"Spring","Spinytail Skate"
"1439",1999,626,"Spring","Spinytail Skate"
"1442",1999,585,"Fall","Spinytail Skate"
"1443",1999,578,"Fall","Spinytail Skate"
"1444",2000,466,"Spring","Spinytail Skate"
"1445",2000,378,"Spring","Spinytail Skate"
"1446",2000,334,"Spring","Spinytail Skate"
"1447",2000,463,"Spring","Spinytail Skate"
"1448",2000,408,"Spring","Spinytail Skate"
"1449",2000,563,"Spring","Spinytail Skate"
"1450",2000,594,"Spring","Spinytail Skate"
"1451",2000,645,"Spring","Spinytail Skate"
"1452",2000,677,"Spring","Spinytail Skate"
"1453",2000,619,"Fall","Spinytail Skate"
"1455",2001,425,"Spring","Spinytail Skate"
"1456",2001,609,"Spring","Spinytail Skate"
"1457",2001,405,"Spring","Spinytail Skate"
"1458",2001,590,"Spring","Spinytail Skate"
"1459",2001,610,"Spring","Spinytail Skate"
"1460",2001,634,"Spring","Spinytail Skate"
"1461",2001,683,"Spring","Spinytail Skate"
"1462",2001,567,"Spring","Spinytail Skate"
"1466",2001,583,"Fall","Spinytail Skate"
"1467",2001,702,"Fall","Spinytail Skate"
"1468",2001,567,"Fall","Spinytail Skate"
"1469",2001,508,"Fall","Spinytail Skate"
"1470",2002,491,"Spring","Spinytail Skate"
"1471",2002,579,"Fall","Spinytail Skate"
"1472",2002,639,"Fall","Spinytail Skate"
"1475",2002,586,"Fall","Spinytail Skate"
"1479",2002,587,"Fall","Spinytail Skate"
"1480",2003,419,"Spring","Spinytail Skate"
"1481",2003,422,"Spring","Spinytail Skate"
"1482",2003,436,"Spring","Spinytail Skate"
"1483",2003,452,"Spring","Spinytail Skate"
"1484",2003,322,"Spring","Spinytail Skate"
"1485",2003,250,"Spring","Spinytail Skate"
"1486",2003,608,"Spring","Spinytail Skate"
"1488",2003,650,"Fall","Spinytail Skate"
"1489",2003,620,"Fall","Spinytail Skate"
"1491",2003,666,"Fall","Spinytail Skate"
"1492",2003,636,"Fall","Spinytail Skate"
"1494",2004,412,"Spring","Spinytail Skate"
"1495",2004,420,"Spring","Spinytail Skate"
"1496",2004,669,"Spring","Spinytail Skate"
"1497",2004,659,"Spring","Spinytail Skate"
"1498",2004,480,"Spring","Spinytail Skate"
"1499",2004,605,"Spring","Spinytail Skate"
"1500",2004,583,"Fall","Spinytail Skate"
"1502",2004,601,"Fall","Spinytail Skate"
"1503",2004,653,"Fall","Spinytail Skate"
"1504",2005,582,"Spring","Spinytail Skate"
"1505",2005,425,"Spring","Spinytail Skate"
"1506",2005,309,"Spring","Spinytail Skate"
"1507",2005,654,"Spring","Spinytail Skate"
"1508",2005,592,"Spring","Spinytail Skate"
"1509",2005,483,"Spring","Spinytail Skate"
"1510",2005,577,"Spring","Spinytail Skate"
"1511",2005,615,"Spring","Spinytail Skate"
"1512",2005,639,"Spring","Spinytail Skate"
"1513",2005,616,"Fall","Spinytail Skate"
"1514",2005,616,"Fall","Spinytail Skate"
"1515",2005,627,"Fall","Spinytail Skate"
"1516",2005,706,"Fall","Spinytail Skate"
"1517",2005,570,"Fall","Spinytail Skate"
"1518",2006,424,"Spring","Spinytail Skate"
"1519",2006,668,"Spring","Spinytail Skate"
"1520",2006,461,"Spring","Spinytail Skate"
"1521",2006,426,"Spring","Spinytail Skate"
"1522",2006,609,"Spring","Spinytail Skate"
"1523",2006,579,"Fall","Spinytail Skate"
"1524",2006,674,"Fall","Spinytail Skate"
"1525",2006,610,"Fall","Spinytail Skate"
"1528",2007,289,"Spring","Spinytail Skate"
"1529",2007,453,"Spring","Spinytail Skate"
"1530",2007,435,"Spring","Spinytail Skate"
"1531",2007,420,"Spring","Spinytail Skate"
"1532",2007,616,"Spring","Spinytail Skate"
"1533",2007,458,"Spring","Spinytail Skate"
"1534",2007,593,"Fall","Spinytail Skate"
"1535",2007,581,"Fall","Spinytail Skate"
"1536",2007,583,"Fall","Spinytail Skate"
"1539",2007,630,"Fall","Spinytail Skate"
"1540",2007,676,"Fall","Spinytail Skate"
"1542",2007,626,"Spring","Spinytail Skate"
"1543",2007,601,"Spring","Spinytail Skate"
"1544",2007,701,"Spring","Spinytail Skate"
"1545",2008,283,"Spring","Spinytail Skate"
"1546",2008,419,"Spring","Spinytail Skate"
"1547",2008,460,"Spring","Spinytail Skate"
"1548",2008,413,"Spring","Spinytail Skate"
"1549",2008,227,"Spring","Spinytail Skate"
"1550",2008,387,"Spring","Spinytail Skate"
"1552",2008,636,"Fall","Spinytail Skate"
"1553",2008,585,"Fall","Spinytail Skate"
"1554",2008,623,"Fall","Spinytail Skate"
"1557",2008,630,"Fall","Spinytail Skate"
"1559",2001,574,"Fall","Spinytail Skate"
"1560",2001,523,"Fall","Spinytail Skate"
"1561",2011,452,"Spring","Spinytail Skate"
"1562",2011,645,"Spring","Spinytail Skate"
"1563",2011,480,"Spring","Spinytail Skate"
"1564",2011,290,"Spring","Spinytail Skate"
"1568",2012,402,"Spring","Spinytail Skate"
"1569",2012,416,"Spring","Spinytail Skate"
"1570",2012,621,"Spring","Spinytail Skate"
"1571",2012,320,"Spring","Spinytail Skate"
"1572",2012,305,"Spring","Spinytail Skate"
"1573",2012,654,"Spring","Spinytail Skate"
"1574",2012,294,"Spring","Spinytail Skate"
"1575",2012,674,"Spring","Spinytail Skate"
"1576",2012,662,"Spring","Spinytail Skate"
"1577",2012,616,"Fall","Spinytail Skate"
"1578",2012,589,"Fall","Spinytail Skate"
"1579",2012,611,"Fall","Spinytail Skate"
"1582",2012,589,"Fall","Spinytail Skate"
"1584",2012,641,"Fall","Spinytail Skate"
"1587",2013,479,"Spring","Spinytail Skate"
"1588",2013,573,"Spring","Spinytail Skate"
"1589",2013,96,"Spring","Spinytail Skate"
"1590",2013,649,"Spring","Spinytail Skate"
"1591",2013,604,"Spring","Spinytail Skate"
"1592",2013,425,"Spring","Spinytail Skate"
"1593",2013,613,"Spring","Spinytail Skate"
"1594",2013,596,"Fall","Spinytail Skate"
"1596",2013,596,"Fall","Spinytail Skate"
"1597",2014,498,"Spring","Spinytail Skate"
"1598",2014,397,"Spring","Spinytail Skate"
"1599",2015,442,"Spring","Spinytail Skate"
"1600",2015,584,"Spring","Spinytail Skate"
"1601",2015,280,"Spring","Spinytail Skate"
"1602",2015,685,"Spring","Spinytail Skate"
"1603",2005,308,"Spring","Spinytail Skate"
"1604",2005,430,"Spring","Spinytail Skate"
"1605",2005,405,"Spring","Spinytail Skate"
"1606",2005,569,"Fall","Spinytail Skate"
"1607",2005,615,"Fall","Spinytail Skate"
"1608",2009,443,"Spring","Spinytail Skate"
"1609",2009,437,"Spring","Spinytail Skate"
"1610",2009,457,"Spring","Spinytail Skate"
"1611",2009,467,"Spring","Spinytail Skate"
"1612",2009,598,"Spring","Spinytail Skate"
"1613",2009,232,"Spring","Spinytail Skate"
"1614",2009,618,"Spring","Spinytail Skate"
"1615",2009,664,"Spring","Spinytail Skate"
"1616",2009,676,"Spring","Spinytail Skate"
"1617",2009,629,"Spring","Spinytail Skate"
"1619",2009,696,"Fall","Spinytail Skate"
"1620",2009,666,"Fall","Spinytail Skate"
"1622",2009,708,"Fall","Spinytail Skate"
"1623",2009,628,"Fall","Spinytail Skate"
"1627",2010,453,"Spring","Spinytail Skate"
"1628",2010,442,"Spring","Spinytail Skate"
"1629",2010,435,"Spring","Spinytail Skate"
"1630",2010,447,"Spring","Spinytail Skate"
"1631",2010,310,"Spring","Spinytail Skate"
"1632",2010,604,"Spring","Spinytail Skate"
"1633",2010,627,"Spring","Spinytail Skate"
"1634",2010,648,"Spring","Spinytail Skate"
"1635",2010,380,"Spring","Spinytail Skate"
"1636",2010,430,"Spring","Spinytail Skate"
"1637",2010,421,"Spring","Spinytail Skate"
"1638",2010,502,"Fall","Spinytail Skate"
"1642",1996,934,"Fall","Spinytail Skate"
"1643",1996,1105,"Fall","Spinytail Skate"
"1644",1996,1121,"Fall","Spinytail Skate"
"1645",1996,1335,"Fall","Spinytail Skate"
"1646",1996,867,"Fall","Spinytail Skate"
"1647",1996,1364,"Fall","Spinytail Skate"
"1648",1996,1240,"Fall","Spinytail Skate"
"1649",1996,922,"Fall","Spinytail Skate"
"1650",1996,660,"Fall","Spinytail Skate"
"1652",1996,1054,"Fall","Spinytail Skate"
"1653",1996,999,"Fall","Spinytail Skate"
"1654",1996,869,"Fall","Spinytail Skate"
"1655",1996,1069,"Fall","Spinytail Skate"
"1656",1996,1367,"Fall","Spinytail Skate"
"1657",1996,670,"Fall","Spinytail Skate"
"1660",1996,1368,"Fall","Spinytail Skate"
"1661",1996,1136,"Fall","Spinytail Skate"
"1662",1996,1019,"Fall","Spinytail Skate"
"1663",1996,893,"Fall","Spinytail Skate"
"1664",1996,1223,"Fall","Spinytail Skate"
"1665",1996,1374,"Fall","Spinytail Skate"
"1666",1996,1177,"Fall","Spinytail Skate"
"1667",1996,613,"Fall","Spinytail Skate"
"1668",1996,695,"Fall","Spinytail Skate"
"1669",1996,690,"Fall","Spinytail Skate"
"1671",1997,1157,"Fall","Spinytail Skate"
"1672",1997,1382,"Fall","Spinytail Skate"
"1674",1997,1108,"Fall","Spinytail Skate"
"1675",1997,1379,"Fall","Spinytail Skate"
"1676",1997,621,"Fall","Spinytail Skate"
"1677",1997,1162,"Fall","Spinytail Skate"
"1678",1997,870,"Fall","Spinytail Skate"
"1679",1997,680,"Fall","Spinytail Skate"
"1680",1997,1125,"Fall","Spinytail Skate"
"1681",1997,1173,"Fall","Spinytail Skate"
"1684",1997,1119,"Fall","Spinytail Skate"
"1685",1997,1294,"Fall","Spinytail Skate"
"1686",1997,1431,"Fall","Spinytail Skate"
"1687",1997,1083,"Fall","Spinytail Skate"
"1688",1997,1176,"Fall","Spinytail Skate"
"1689",1997,1160,"Fall","Spinytail Skate"
"1690",1997,807,"Fall","Spinytail Skate"
"1691",1997,878,"Fall","Spinytail Skate"
"1692",1997,1150,"Fall","Spinytail Skate"
"1693",1997,1157,"Fall","Spinytail Skate"
"1694",1998,964,"Fall","Spinytail Skate"
"1695",1998,1130,"Fall","Spinytail Skate"
"1696",1998,1473,"Fall","Spinytail Skate"
"1697",1998,1075,"Fall","Spinytail Skate"
"1699",1998,569,"Fall","Spinytail Skate"
"1700",1998,1166,"Fall","Spinytail Skate"
"1702",1998,1415,"Fall","Spinytail Skate"
"1703",1998,1172,"Fall","Spinytail Skate"
"1704",1998,1122,"Fall","Spinytail Skate"
"1705",1998,1144,"Fall","Spinytail Skate"
"1706",1998,1142,"Fall","Spinytail Skate"
"1707",1998,1033,"Fall","Spinytail Skate"
"1708",1998,1148,"Fall","Spinytail Skate"
"1709",1998,867,"Fall","Spinytail Skate"
"1710",1998,1334,"Fall","Spinytail Skate"
"1711",1998,1436,"Fall","Spinytail Skate"
"1712",1999,885,"Fall","Spinytail Skate"
"1714",1999,962,"Fall","Spinytail Skate"
"1715",1999,1322,"Fall","Spinytail Skate"
"1716",1999,1159,"Fall","Spinytail Skate"
"1717",1999,610,"Fall","Spinytail Skate"
"1718",1999,965,"Fall","Spinytail Skate"
"1719",2011,908,"Fall","Spinytail Skate"
"1720",2011,578,"Fall","Spinytail Skate"
"1721",2011,1026,"Fall","Spinytail Skate"
"1722",2011,588,"Fall","Spinytail Skate"
"1723",2011,1438,"Fall","Spinytail Skate"
"1725",2011,1109,"Fall","Spinytail Skate"
"1726",2011,558,"Fall","Spinytail Skate"
"1727",2011,620,"Fall","Spinytail Skate"
"1728",2011,1394,"Fall","Spinytail Skate"
"1729",2011,1078,"Fall","Spinytail Skate"
"1730",2011,1058,"Fall","Spinytail Skate"
"1731",2011,923,"Fall","Spinytail Skate"
"1732",2011,985,"Fall","Spinytail Skate"
"1733",2011,1067,"Fall","Spinytail Skate"
"1734",2011,1402,"Fall","Spinytail Skate"
"1735",2011,720,"Fall","Spinytail Skate"
"1738",2012,677,"Fall","Spinytail Skate"
"1739",2012,805,"Fall","Spinytail Skate"
"1740",2013,579,"Fall","Spinytail Skate"
"1741",2013,810,"Fall","Spinytail Skate"
"1742",2013,1378,"Fall","Spinytail Skate"
"1743",2013,1093,"Fall","Spinytail Skate"
"1745",2013,913,"Fall","Spinytail Skate"
"1746",2013,1075,"Fall","Spinytail Skate"
"1747",2013,874,"Fall","Spinytail Skate"
"1748",2013,1282,"Fall","Spinytail Skate"
"1749",2013,759,"Fall","Spinytail Skate"
"1750",2013,825,"Fall","Spinytail Skate"
"1751",2013,733,"Fall","Spinytail Skate"
"1752",2013,1321,"Fall","Spinytail Skate"
"1754",2013,1084,"Fall","Spinytail Skate"
"1755",2014,387,"Spring","Spinytail Skate"
"1756",2014,456,"Spring","Spinytail Skate"
"1757",2014,412,"Spring","Spinytail Skate"
"1759",2014,617,"Fall","Spinytail Skate"
"1760",2014,917,"Fall","Spinytail Skate"
"1762",2014,1304,"Fall","Spinytail Skate"
"1763",2014,620,"Fall","Spinytail Skate"
"1764",2014,1469,"Fall","Spinytail Skate"
"1765",2014,1162,"Fall","Spinytail Skate"
"1767",2014,1077,"Fall","Spinytail Skate"
"1768",2014,662,"Spring","Spinytail Skate"
"1769",2014,619,"Spring","Spinytail Skate"
"1770",2014,616,"Spring","Spinytail Skate"
"1773",2014,635,"Fall","Spinytail Skate"
"1774",2014,678,"Fall","Spinytail Skate"
"1775",2014,514,"Fall","Spinytail Skate"
"1776",2000,1401,"Fall","Spinytail Skate"
"1777",2000,1022,"Fall","Spinytail Skate"
"1778",2000,882,"Fall","Spinytail Skate"
"1779",2000,1038,"Fall","Spinytail Skate"
"1780",2000,1287,"Fall","Spinytail Skate"
"1781",2000,1086,"Fall","Spinytail Skate"
"1783",2000,1264,"Fall","Spinytail Skate"
"1784",2000,1178,"Fall","Spinytail Skate"
"1785",2000,1277,"Fall","Spinytail Skate"
"1786",2000,1301,"Fall","Spinytail Skate"
"1787",2001,1202,"Fall","Spinytail Skate"
"1788",2001,956,"Fall","Spinytail Skate"
"1789",2001,1124,"Fall","Spinytail Skate"
"1790",2001,1184,"Fall","Spinytail Skate"
"1791",2001,782,"Fall","Spinytail Skate"
"1792",2001,763,"Fall","Spinytail Skate"
"1793",2001,1353,"Fall","Spinytail Skate"
"1794",2001,1216,"Fall","Spinytail Skate"
"1795",2001,1134,"Fall","Spinytail Skate"
"1796",2001,1044,"Fall","Spinytail Skate"
"1797",2001,1335,"Fall","Spinytail Skate"
"1798",2001,938,"Fall","Spinytail Skate"
"1799",2001,1389,"Fall","Spinytail Skate"
"1800",2001,1156,"Fall","Spinytail Skate"
"1801",2001,570,"Fall","Spinytail Skate"
"1802",2001,1109,"Fall","Spinytail Skate"
"1803",2001,1148,"Fall","Spinytail Skate"
"1804",2001,1414,"Fall","Spinytail Skate"
"1805",2001,823,"Fall","Spinytail Skate"
"1806",2001,1479,"Fall","Spinytail Skate"
"1807",2001,1109,"Fall","Spinytail Skate"
"1808",2001,1427,"Fall","Spinytail Skate"
"1809",2001,1365,"Fall","Spinytail Skate"
"1810",2001,1203,"Fall","Spinytail Skate"
"1811",2001,987,"Fall","Spinytail Skate"
"1812",2001,1466,"Fall","Spinytail Skate"
"1813",2001,1408,"Fall","Spinytail Skate"
"1814",2002,1358,"Fall","Spinytail Skate"
"1815",2002,1159,"Fall","Spinytail Skate"
"1816",2002,1136,"Fall","Spinytail Skate"
"1817",2002,854,"Fall","Spinytail Skate"
"1818",2004,831,"Fall","Spinytail Skate"
"1819",2004,921,"Fall","Spinytail Skate"
"1820",2004,1030,"Fall","Spinytail Skate"
"1821",2004,1033,"Fall","Spinytail Skate"
"1822",2004,1288,"Fall","Spinytail Skate"
"1823",2004,1177,"Fall","Spinytail Skate"
"1824",2004,1331,"Fall","Spinytail Skate"
"1825",2004,1065,"Fall","Spinytail Skate"
"1826",2004,1146,"Fall","Spinytail Skate"
"1827",2004,860,"Fall","Spinytail Skate"
"1828",2004,989,"Fall","Spinytail Skate"
"1829",2004,1153,"Fall","Spinytail Skate"
"1830",2004,797,"Fall","Spinytail Skate"
"1831",2004,1185,"Fall","Spinytail Skate"
"1832",2004,548,"Fall","Spinytail Skate"
"1833",2004,1351,"Fall","Spinytail Skate"
"1835",2004,1211,"Fall","Spinytail Skate"
"1836",2004,1065,"Fall","Spinytail Skate"
"1837",2004,1325,"Fall","Spinytail Skate"
"1838",2004,1365,"Fall","Spinytail Skate"
"1839",2004,1308,"Fall","Spinytail Skate"
"1840",2004,1132,"Fall","Spinytail Skate"
"1841",2004,1042,"Fall","Spinytail Skate"
"1842",2004,1412,"Fall","Spinytail Skate"
"1843",2004,973,"Fall","Spinytail Skate"
"1845",2005,1000,"Fall","Spinytail Skate"
"1846",2005,787,"Fall","Spinytail Skate"
"1848",2005,1427,"Fall","Spinytail Skate"
"1849",2006,1083,"Fall","Spinytail Skate"
"1850",2006,942,"Fall","Spinytail Skate"
"1851",2006,1052,"Fall","Spinytail Skate"
"1852",2006,820,"Fall","Spinytail Skate"
"1853",2006,640,"Fall","Spinytail Skate"
"1854",2006,1226,"Fall","Spinytail Skate"
"1855",2006,680,"Fall","Spinytail Skate"
"1856",2006,720,"Fall","Spinytail Skate"
"1857",2006,934,"Fall","Spinytail Skate"
"1858",2006,1041,"Fall","Spinytail Skate"
"1859",2006,1303,"Fall","Spinytail Skate"
"1860",2006,1384,"Fall","Spinytail Skate"
"1861",2006,1155,"Fall","Spinytail Skate"
"1862",2006,933,"Fall","Spinytail Skate"
"1863",2006,1332,"Fall","Spinytail Skate"
"1864",2006,1162,"Fall","Spinytail Skate"
"1865",2006,864,"Fall","Spinytail Skate"
"1866",2006,1123,"Fall","Spinytail Skate"
"1867",2006,1073,"Fall","Spinytail Skate"
"1868",2006,1134,"Fall","Spinytail Skate"
"1869",2007,1327,"Fall","Spinytail Skate"
"1870",2007,510,"Fall","Spinytail Skate"
"1873",2007,559,"Fall","Spinytail Skate"
"1874",2007,1100,"Fall","Spinytail Skate"
"1875",2007,1358,"Fall","Spinytail Skate"
"1876",2007,721,"Fall","Spinytail Skate"
"1877",2007,1174,"Fall","Spinytail Skate"
"1878",2007,1227,"Fall","Spinytail Skate"
"1879",2007,842,"Fall","Spinytail Skate"
"1880",2008,1338,"Fall","Spinytail Skate"
"1881",2008,1074,"Fall","Spinytail Skate"
"1882",2008,1274,"Fall","Spinytail Skate"
"1883",2008,1198,"Fall","Spinytail Skate"
"1885",2008,635,"Spring","Spinytail Skate"
"1886",2009,1313,"Fall","Spinytail Skate"
"1887",2009,854,"Fall","Spinytail Skate"
"1888",2009,601,"Fall","Spinytail Skate"
"1889",2009,1140,"Fall","Spinytail Skate"
"1890",2009,556,"Fall","Spinytail Skate"
"1891",2009,834,"Fall","Spinytail Skate"
"1892",2009,1108,"Fall","Spinytail Skate"
"1893",2009,1412,"Fall","Spinytail Skate"
"1894",2009,825,"Fall","Spinytail Skate"
"1895",2009,1093,"Fall","Spinytail Skate"
"1897",2010,913,"Fall","Spinytail Skate"
"1898",2010,1222,"Fall","Spinytail Skate"
"1900",2010,578,"Fall","Spinytail Skate"
"1901",2010,609,"Fall","Spinytail Skate"
"1904",2010,1147,"Fall","Spinytail Skate"
"1905",2010,628,"Fall","Spinytail Skate"
"1907",2010,565,"Fall","Spinytail Skate"
"1908",2010,615,"Fall","Spinytail Skate"
"1909",2002,447,"Fall","Greenland Shark"
"1910",2006,610,"Fall","Greenland Shark"
"1911",2007,458,"Spring","Greenland Shark"
"1912",2007,389,"Fall","Greenland Shark"
"1913",2014,593,"Spring","Greenland Shark"
"1914",1997,349,"Fall","Greenland Shark"
"1915",1999,468,"Fall","Greenland Shark"
"1916",1999,442,"Fall","Greenland Shark"
"1917",1999,565,"Fall","Greenland Shark"
"1918",2012,1003,"Fall","Greenland Shark"
"1919",2012,430,"Fall","Greenland Shark"
"1920",2014,544,"Fall","Greenland Shark"
"1921",2001,987,"Fall","Greenland Shark"
"1922",2002,887,"Fall","Greenland Shark"
